{"cameraMode":{"drawMode":0,"name":"Shaded","section":"Shading Mode"},"sceneLighting":true,"audioPlay":false,"sceneViewState":{"showFog":true,"showMaterialUpdate":false,"showSkybox":false,"showFlares":true,"showImageEffects":true,"showParticleSystems":true},"in2DMode":false,"pivot":{"x":330.9296875,"y":1441.626708984375,"z":-699.4638671875},"rotation":{"x":0.040178168565034869,"y":0.44930770993232729,"z":-0.020232463255524637,"w":0.8922445774078369},"size":4182.9453125,"orthographic":false}