{"cameraMode":{"drawMode":0,"name":"Shaded","section":"Shading Mode"},"sceneLighting":true,"audioPlay":false,"sceneViewState":{"showFog":true,"showMaterialUpdate":false,"showSkybox":false,"showFlares":true,"showImageEffects":true,"showParticleSystems":true},"in2DMode":false,"pivot":{"x":-283.91412353515627,"y":320.01483154296877,"z":13.20892333984375},"rotation":{"x":0.031359244138002399,"y":0.49047529697418215,"z":-0.017664693295955659,"w":0.8707124590873718},"size":302.5486755371094,"orthographic":false}