{"cameraMode":{"drawMode":0,"name":"Shaded","section":"Shading Mode"},"sceneLighting":true,"audioPlay":false,"sceneViewState":{"showFog":true,"showMaterialUpdate":false,"showSkybox":false,"showFlares":true,"showImageEffects":true,"showParticleSystems":true},"in2DMode":false,"pivot":{"x":-174.362060546875,"y":158.53663635253907,"z":30.43567657470703},"rotation":{"x":0.031359244138002399,"y":0.49047529697418215,"z":-0.017664693295955659,"w":0.8707124590873718},"size":89.97319030761719,"orthographic":false}