{"cameraMode":{"drawMode":0,"name":"Shaded","section":"Shading Mode"},"sceneLighting":true,"audioPlay":false,"sceneViewState":{"showFog":true,"showMaterialUpdate":false,"showSkybox":true,"showFlares":true,"showImageEffects":true,"showParticleSystems":true},"in2DMode":false,"pivot":{"x":34.59944534301758,"y":23.397048950195314,"z":9.406818389892579},"rotation":{"x":-0.24552291631698609,"y":-0.020343758165836335,"z":0.0051531740464270119,"w":-0.9691875576972961},"size":11.633739471435547,"orthographic":false}